{
  "name": "DDOS-VVIP",
  "lockfileVersion": 3,
  "requires": true,
  "packages": {
    "": {
      "dependencies": {
        "axios": "^1.6.8",
        "colors": "^1.4.0",
        "random-useragent": "^0.5.0",
        "user-agents": "^1.1.167"
      }
    },
    "node_modules/asynckit": {
      "version": "0.4.0",
      "resolved": "https://registry.npmjs.org/asynckit/-/asynckit-0.4.0.tgz",
      "integrity": "sha512-Oei9OH4tRh0YqU3GxhX79dM/mwVgvbZJaSNaRk+bshkj0S5cfHcgYakreBjrHwatXKbz+IoIdYLxrKim2MjW0Q=="
    },
    "node_modules/axios": {
      "version": "1.6.8",
      "resolved": "https://registry.npmjs.org/axios/-/axios-1.6.8.tgz",
      "integrity": "sha512-v/ZHtJDU39mDpyBoFVkETcd/uNdxrWRrg3bKpOKzXFA6Bvqopts6ALSMU3y6ijYxbw2B+wPrIv46egTzJXCLGQ==",
      "dependencies": {
        "follow-redirects": "^1.15.6",
        "form-data": "^4.0.0",
        "proxy-from-env": "^1.1.0"
      }
    },
    "node_modules/colors": {
      "version": "1.4.0",
      "resolved": "https://registry.npmjs.org/colors/-/colors-1.4.0.tgz",
      "integrity": "sha512-a+UqTh4kgZg/SlGvfbzDHpgRu7AAQOmmqRHJnxhRZICKFUT91brVhNNt58CMWU9PsBbv3PDCZUHbVxuDiH2mtA==",
      "engines": {
        "node": ">=0.1.90"
      }
    },
    "node_modules/combined-stream": {
      "version": "1.0.8",
      "resolved": "https://registry.npmjs.org/combined-stream/-/combined-stream-1.0.8.tgz",
      "integrity": "sha512-FQN4MRfuJeHf7cBbBMJFXhKSDq+2kAArBlmRBvcvFE5BB1HZKXtSFASDhdlz9zOYwxh8lDdnvmMOe/+5cdoEdg==",
      "dependencies": {
        "delayed-stream": "~1.0.0"
      },
      "engines": {
        "node": ">= 0.8"
      }
    },
    "node_modules/delayed-stream": {
      "version": "1.0.0",
      "resolved": "https://registry.npmjs.org/delayed-stream/-/delayed-stream-1.0.0.tgz",
      "integrity": "sha512-ZySD7Nf91aLB0RxL4KGrKHBXl7Eds1DAmEdcoVawXnLD7SDhpNgtuII2aAkg7a7QS41jxPSZ17p4VdGnMHk3MQ==",
      "engines": {
        "node": ">=0.4.0"
      }
    },
    "node_modules/follow-redirects": {
      "version": "1.15.6",
      "resolved": "https://registry.npmjs.org/follow-redirects/-/follow-redirects-1.15.6.tgz",
      "integrity": "sha512-wWN62YITEaOpSK584EZXJafH1AGpO8RVgElfkuXbTOrPX4fIfOyEpW/CsiNd8JdYrAoOvafRTOEnvsO++qCqFA==",
      "funding": [
        {
          "type": "individual",
          "url": "https://github.com/sponsors/RubenVerborgh"
        }
      ],
      "engines": {
        "node": ">=4.0"
      },
      "peerDependenciesMeta": {
        "debug": {
          "optional": true
        }
      }
    },
    "node_modules/form-data": {
      "version": "4.0.0",
      "resolved": "https://registry.npmjs.org/form-data/-/form-data-4.0.0.tgz",
      "integrity": "sha512-ETEklSGi5t0QMZuiXoA/Q6vcnxcLQP5vdugSpuAyi6SVGi2clPPp+xgEhuMaHC+zGgn31Kd235W35f7Hykkaww==",
      "dependencies": {
        "asynckit": "^0.4.0",
        "combined-stream": "^1.0.8",
        "mime-types": "^2.1.12"
      },
      "engines": {
        "node": ">= 6"
      }
    },
    "node_modules/json-stringify-safe": {
      "version": "5.0.1",
      "resolved": "https://registry.npmjs.org/json-stringify-safe/-/json-stringify-safe-5.0.1.tgz",
      "integrity": "sha512-ZClg6AaYvamvYEE82d3Iyd3vSSIjQ+odgjaTzRuO3s7toCdFKczob2i0zCh7JE8kWn17yvAWhUVxvqGwUalsRA=="
    },
    "node_modules/lodash.clonedeep": {
      "version": "4.5.0",
      "resolved": "https://registry.npmjs.org/lodash.clonedeep/-/lodash.clonedeep-4.5.0.tgz",
      "integrity": "sha512-H5ZhCF25riFd9uB5UCkVKo61m3S/xZk1x4wA6yp/L3RFP6Z/eHH1ymQcGLo7J3GMPfm0V/7m1tryHuGVxpqEBQ=="
    },
    "node_modules/mime-db": {
      "version": "1.52.0",
      "resolved": "https://registry.npmjs.org/mime-db/-/mime-db-1.52.0.tgz",
      "integrity": "sha512-sPU4uV7dYlvtWJxwwxHD0PuihVNiE7TyAbQ5SWxDCB9mUYvOgroQOwYQQOKPJ8CIbE+1ETVlOoK1UC2nU3gYvg==",
      "engines": {
        "node": ">= 0.6"
      }
    },
    "node_modules/mime-types": {
      "version": "2.1.35",
      "resolved": "https://registry.npmjs.org/mime-types/-/mime-types-2.1.35.tgz",
      "integrity": "sha512-ZDY+bPm5zTTF+YpCrAU9nK0UgICYPT0QtT1NZWFv4s++TNkcgVaT0g6+4R2uI4MjQjzysHB1zxuWL50hzaeXiw==",
      "dependencies": {
        "mime-db": "1.52.0"
      },
      "engines": {
        "node": ">= 0.6"
      }
    },
    "node_modules/proxy-from-env": {
      "version": "1.1.0",
      "resolved": "https://registry.npmjs.org/proxy-from-env/-/proxy-from-env-1.1.0.tgz",
      "integrity": "sha512-D+zkORCbA9f1tdWRK0RaCR3GPv50cMxcrz4X8k5LTSUD1Dkw47mKJEZQNunItRTkWwgtaUSo1RVFRIG9ZXiFYg=="
    },
    "node_modules/random-seed": {
      "version": "0.3.0",
      "resolved": "https://registry.npmjs.org/random-seed/-/random-seed-0.3.0.tgz",
      "integrity": "sha512-y13xtn3kcTlLub3HKWXxJNeC2qK4mB59evwZ5EkeRlolx+Bp2ztF7LbcZmyCnOqlHQrLnfuNbi1sVmm9lPDlDA==",
      "dependencies": {
        "json-stringify-safe": "^5.0.1"
      },
      "engines": {
        "node": ">= 0.6.0"
      }
    },
    "node_modules/random-useragent": {
      "version": "0.5.0",
      "resolved": "https://registry.npmjs.org/random-useragent/-/random-useragent-0.5.0.tgz",
      "integrity": "sha512-FUMkqVdZeoSff5tErNL3FFGYXElDWZ1bEuedhm5u9MdCFwANriJWbHvDRYrLTOzp/fBsBGu5J1cWtDgifa97aQ==",
      "dependencies": {
        "random-seed": "^0.3.0"
      }
    },
    "node_modules/user-agents": {
      "version": "1.1.167",
      "resolved": "https://registry.npmjs.org/user-agents/-/user-agents-1.1.167.tgz",
      "integrity": "sha512-XNOUB8CA7cckmd6JtW7jyaD/Z9SxSCbWpZ12kZGQtOAjXrcgJTDeR3VkTn2F6gN2izfEfVJuwxKt6vOe/cg9zA==",
      "dependencies": {
        "lodash.clonedeep": "^4.5.0"
      }
    }
  }
}
